"user_id","order_no","b.amount/100","dat","c.amount/100","资管费比例"
"900080938","2019052920325059463524563","400","2019-06-02","1600.0000","25.00%"
"900086136","2019060101412560224537328","400","2019-06-01","1600.0000","25.00%"
"900080509","2019060108292279654670874","400","2019-06-01","1600.0000","25.00%"
"900080586","2019060109470727520467275","400","2019-06-01","1600.0000","25.00%"
"900085544","2019060109461364215828985","400","2019-06-01","1600.0000","25.00%"
"900080539","2019060109241704035370803","400","2019-06-01","1600.0000","25.00%"
"900071675","2019060109430572058454789","425","2019-06-01","1700.0000","25.00%"
"900086590","2019060110040036150335704","400","2019-06-01","1600.0000","25.00%"
"900082976","2019060110373689108535632","400","2019-06-01","1600.0000","25.00%"
"900075867","2019060110332885092468202","400","2019-06-01","1600.0000","25.00%"
"900076803","2019060111224620141887117","400","2019-06-01","1600.0000","25.00%"
"900086637","2019060111493604146338303","400","2019-06-01","1600.0000","25.00%"
"900086645","2019060112085013298190668","400","2019-06-01","1600.0000","25.00%"
"900085285","2019060112052343265469147","400","2019-06-01","1600.0000","25.00%"
"900086680","2019060113041214106922764","400","2019-06-01","1600.0000","25.00%"
"900085537","2019060113095908463985430","400","2019-06-01","1600.0000","25.00%"
"900086722","2019060114195449456435750","400","2019-06-01","1600.0000","25.00%"
"900080482","2019060116463361542018003","400","2019-06-01","1600.0000","25.00%"
"900085059","2019060114205160554279179","400","2019-06-01","1600.0000","25.00%"
"900086116","2019060114292729323984523","400","2019-06-01","1600.0000","25.00%"
"900080309","2019060114401131776402647","400","2019-06-01","1600.0000","25.00%"
"900071748","2019060115215227028977240","431.25","2019-06-01","1725.0000","25.00%"
"900076230","2019060118570485345462263","400","2019-06-01","1600.0000","25.00%"
"900086748","2019060117262313074332556","400","2019-06-01","1600.0000","25.00%"
"900075922","2019060118002773169651271","400","2019-06-01","1600.0000","25.00%"
"900076834","2019060119503669411100005","400","2019-06-01","1600.0000","25.00%"
"900078944","2019060119582284050826741","400","2019-06-01","1600.0000","25.00%"
"900086462","2019060122165702946243317","400","2019-06-01","1600.0000","25.00%"
"900086899","2019060122321777383982489","400","2019-06-01","1600.0000","25.00%"
"900086896","2019060122341642198971431","400","2019-06-01","1600.0000","25.00%"
"900086912","2019060123274779424482610","400","2019-06-03","1600.0000","25.00%"
"900086915","2019060123475041156242992","400","2019-06-01","1600.0000","25.00%"
"900078910","2019060202340992753106612","400","2019-06-02","1600.0000","25.00%"
"900085851","2019060208420738812667696","400","2019-06-02","1600.0000","25.00%"
"900080275","2019060203583452661147035","400","2019-06-02","1600.0000","25.00%"
"900072287","2019060207284999801296956","400","2019-06-02","1600.0000","25.00%"
"900086566","2019060209073533113000951","400","2019-06-02","1600.0000","25.00%"
"900086956","2019060209472350709769660","400","2019-06-02","1600.0000","25.00%"
"900081047","2019060210123995535912259","400","2019-06-02","1600.0000","25.00%"
"900084986","2019060211292665791088740","400","2019-06-02","1600.0000","25.00%"
"900078815","2019060210280860812952614","400","2019-06-02","1600.0000","25.00%"
"900075921","2019060210501849444655827","500","2019-06-02","2000.0000","25.00%"
"900074824","2019060212433580035460983","400","2019-06-02","1600.0000","25.00%"
"900086969","2019060212095558573524156","400","2019-06-02","1600.0000","25.00%"
"900080582","2019060211411314738698492","400","2019-06-02","1600.0000","25.00%"
"900085496","2019060212153871231899262","500","2019-06-02","2000.0000","25.00%"
"900086773","2019060212390601764238093","400","2019-06-02","1600.0000","25.00%"
"900077464","2019060212505765720565457","400","2019-06-02","1600.0000","25.00%"
"900087017","2019060214263985621293643","400","2019-06-02","1600.0000","25.00%"
"900077615","2019060215492922110139653","400","2019-06-02","1600.0000","25.00%"
"900084685","2019060216025007097698078","400","2019-06-02","1600.0000","25.00%"
"900078086","2019060215014243085469462","400","2019-06-02","1600.0000","25.00%"
"900086991","2019060214312952079671227","400","2019-06-02","1600.0000","25.00%"
"900087000","2019060214454093976485520","400","2019-06-02","1600.0000","25.00%"
"900087066","2019060215531286236961402","400","2019-06-02","1600.0000","25.00%"
"900084291","2019060218352759147676842","400","2019-06-02","1600.0000","25.00%"
"900082474","2019060216100833364769676","400","2019-06-02","1600.0000","25.00%"
"900083733","2019060216254457698833082","400","2019-06-02","1600.0000","25.00%"
"900087098","2019060217054007942293982","400","2019-06-02","1600.0000","25.00%"
"900087121","2019060217572362167278038","400","2019-06-02","1600.0000","25.00%"
"900086699","2019060218323239217044465","400","2019-06-02","1600.0000","25.00%"
"900080412","2019060221230512331141290","400","2019-06-02","1600.0000","25.00%"
"900073314","2019060218354834747183345","425","2019-06-02","1700.0000","25.00%"
"900084822","2019060218473865629764097","400","2019-06-02","1600.0000","25.00%"
"900087136","2019060218575825194581273","400","2019-06-02","1600.0000","25.00%"
"900087142","2019060219145874436887573","400","2019-06-02","1600.0000","25.00%"
"900086880","2019060307314123844149350","400","2019-06-03","1600.0000","25.00%"
"900087172","2019060221590439673456043","400","2019-06-02","1600.0000","25.00%"
"900079615","2019060300010820049076128","400","2019-06-03","1600.0000","25.00%"
"900073432","2019060307153059040724114","450","2019-06-03","1800.0000","25.00%"
"900087244","2019060309032451113370559","500","2019-06-03","2000.0000","25.00%"
"900086140","2019060307433843702728242","400","2019-06-03","1600.0000","25.00%"
"900080543","2019060309095408231231498","400","2019-06-03","1600.0000","25.00%"
"900087262","2019060308324982708290154","400","2019-06-03","1600.0000","25.00%"
"900076006","2019060310121467930620728","400","2019-06-03","1600.0000","25.00%"
"900075403","2019060309214552091449794","400","2019-06-03","1600.0000","25.00%"
"900084727","2019060310081220938254485","400","2019-06-03","1600.0000","25.00%"
"900087296","2019060310534664009066543","400","2019-06-03","1600.0000","25.00%"
"900071231","2019060311075282451320545","450","2019-06-03","1800.0000","25.00%"
"900075620","2019060312010807777338715","400","2019-06-03","1600.0000","25.00%"
"900087320","2019060312341265080235159","400","2019-06-03","1600.0000","25.00%"
"900078747","2019060313050497793905661","400","2019-06-03","1600.0000","25.00%"
"900079013","2019060313392567405627793","400","2019-06-03","1600.0000","25.00%"
"900087391","2019060314201808517728443","400","2019-06-03","1600.0000","25.00%"
"900073958","2019060314402896912372330","400","2019-06-03","1600.0000","25.00%"
"900087408","2019060315131566379279844","400","2019-06-03","1600.0000","25.00%"
"900087359","2019060315233423272422326","400","2019-06-03","1600.0000","25.00%"
"900079773","2019060316035482080738061","400","2019-06-03","1600.0000","25.00%"
"900085185","2019060316510904014027007","400","2019-06-03","1600.0000","25.00%"
"900085009","2019060315494341949339430","400","2019-06-03","1600.0000","25.00%"
"900087386","2019060316000720052092251","400","2019-06-03","1600.0000","25.00%"
"900072725","2019060316170695244185504","412.5","2019-06-03","1650.0000","25.00%"
"900085067","2019060316252156425718271","400","2019-06-03","1600.0000","25.00%"
"900079753","2019060316485040100100851","400","2019-06-03","1600.0000","25.00%"
"900087461","2019060317453079637565551","400","2019-06-03","1600.0000","25.00%"
"900087460","2019060317462936962029295","400","2019-06-03","1600.0000","25.00%"
"900075916","2019060317540022298849626","400","2019-06-03","1600.0000","25.00%"
"900076737","2019060318115589570023976","400","2019-06-03","1600.0000","25.00%"
"900072388","2019060320484472002160401","400","2019-06-03","1600.0000","25.00%"
"900081278","2019060320294654962808649","400","2019-06-03","1600.0000","25.00%"
"900087501","2019060321154784813819555","400","2019-06-03","1600.0000","25.00%"
"900087500","2019060321173366832322849","400","2019-06-03","1600.0000","25.00%"
"900074787","2019060321303598730170052","425","2019-06-03","1700.0000","25.00%"
"900083831","2019060323022637260725144","400","2019-06-03","1600.0000","25.00%"
"900086855","2019060322435163462755652","400","2019-06-03","1600.0000","25.00%"
"900087201","2019060322121359455916282","400","2019-06-03","1600.0000","25.00%"
"900075710","2019060402591532433527286","425","2019-06-04","1700.0000","25.00%"
"900086194","2019060400334666681488239","400","2019-06-04","1600.0000","25.00%"
"900075963","2019060322152866173756531","425","2019-06-03","1700.0000","25.00%"
"900087227","2019060322130580525513603","400","2019-06-03","1600.0000","25.00%"
"900079526","2019060407321964125365271","400","2019-06-04","1600.0000","25.00%"
"900087264","2019060408543224862575098","400","2019-06-04","1600.0000","25.00%"
"900083907","2019060408431339045480830","500","2019-06-04","2000.0000","25.00%"
"900086259","2019060409471088105162198","400","2019-06-04","1600.0000","25.00%"
"900087055","2019060409491567839729872","400","2019-06-04","1600.0000","25.00%"
"900081458","2019060409531721929099144","400","2019-06-04","1600.0000","25.00%"
"900079754","2019060412145015785622466","400","2019-06-04","1600.0000","25.00%"
"900085880","2019060411413762925375556","400","2019-06-04","1600.0000","25.00%"
"900087616","2019060410303553186983457","400","2019-06-04","1600.0000","25.00%"
"900072910","2019060410322694561572901","425","2019-06-04","1700.0000","25.00%"
"900079795","2019060411161938445402460","400","2019-06-04","1600.0000","25.00%"
"900080440","2019060412050562397402242","400","2019-06-04","1600.0000","25.00%"
"900082510","2019060413535546743668027","400","2019-06-04","1600.0000","25.00%"
"900071304","2019060412371238324700915","425","2019-06-04","1700.0000","25.00%"
"900086668","2019060412575177470823491","400","2019-06-04","1600.0000","25.00%"
"900084004","2019060414121983265888573","400","2019-06-04","1600.0000","25.00%"
"900080285","2019060414244850940471218","400","2019-06-04","1600.0000","25.00%"
"900073129","2019060414273742975620445","425","2019-06-04","1700.0000","25.00%"
"900075316","2019060415120779635878993","400","2019-06-04","1600.0000","25.00%"
"900087597","2019060416021810427793385","400","2019-06-04","1600.0000","25.00%"
"900087627","2019060414284838140602398","400","2019-06-04","1600.0000","25.00%"
"900075690","2019060415311343536011973","400","2019-06-04","1600.0000","25.00%"
"900072555","2019060416464482882490864","425","2019-06-04","1700.0000","25.00%"
"900075583","2019060417221052789655536","400","2019-06-04","1600.0000","25.00%"
"900087414","2019060509371525042198283","400","2019-06-05","1600.0000","25.00%"
"900084930","2019060502234244308114238","400","2019-06-05","1600.0000","25.00%"
"900080556","2019060417463338888799679","400","2019-06-04","1600.0000","25.00%"
"900086318","2019060418410106395160065","425","2019-06-04","1700.0000","25.00%"
"900084863","2019060421285064094027130","400","2019-06-04","1600.0000","25.00%"
"900087287","2019060509122397405714455","400","2019-06-05","1600.0000","25.00%"
"900085952","2019060510340282836402768","500","2019-06-05","2000.0000","25.00%"
"900071606","2019060510032673526513595","456.25","2019-06-05","1825.0000","25.00%"
"900087437","2019060510345791808825623","400","2019-06-05","1600.0000","25.00%"
"900073943","2019060511085992290070059","400","2019-06-05","1600.0000","25.00%"
"900071227","2019060512513248863157216","450","2019-06-05","1800.0000","25.00%"
"900087764","2019060513580029651045195","400","2019-06-05","1600.0000","25.00%"
"900076410","2019060515010934792497733","400","2019-06-05","1600.0000","25.00%"
"900080149","2019060514352600318260189","400","2019-06-05","1600.0000","25.00%"
"900084201","2019060514135809706973524","400","2019-06-05","1600.0000","25.00%"
"900086637","2019060515045593890001988","425","2019-06-05","1700.0000","25.00%"
"900078281","2019060517343465988301414","400","2019-06-05","1600.0000","25.00%"
"900087885","2019060521151805792628816","400","2019-06-05","1600.0000","25.00%"
"900075206","2019060521290938820889379","425","2019-06-05","1700.0000","25.00%"
"900080619","2019060607584715499822440","400","2019-06-06","1600.0000","25.00%"
"900072538","2019060522250064012329510","425","2019-06-05","1700.0000","25.00%"
"900071471","2019060608055343215815795","425","2019-06-06","1700.0000","25.00%"
"900076299","2019060608583318449665674","425","2019-06-06","1700.0000","25.00%"
"900087343","2019060609252168245863295","400","2019-06-06","1600.0000","25.00%"
"900074894","2019060611400103827152773","400","2019-06-06","1600.0000","25.00%"
"900073654","2019060610244267625167877","425","2019-06-06","1700.0000","25.00%"
"900071273","2019060610313015673751496","425","2019-06-06","1700.0000","25.00%"
"900084794","2019060611225941420307341","400","2019-06-06","1600.0000","25.00%"
"900072860","2019060611563345991026733","425","2019-06-06","1700.0000","25.00%"
"900087791","2019060613205315929596003","400","2019-06-06","1600.0000","25.00%"
"900079195","2019060613280377848507892","400","2019-06-06","1600.0000","25.00%"
"900084001","2019060613300976622834141","400","2019-06-06","1600.0000","25.00%"
"900086353","2019060618360536627084256","400","2019-06-06","1600.0000","25.00%"
"900075091","2019060618414478554961228","400","2019-06-06","1600.0000","25.00%"
"900075673","2019060613410350222998738","425","2019-06-06","1700.0000","25.00%"
"900087775","2019060615480029645869060","400","2019-06-06","1600.0000","25.00%"
"900075849","2019060616545401619551351","425","2019-06-06","1700.0000","25.00%"
"900072676","2019060620104953906656523","400","2019-06-06","1600.0000","25.00%"
"900079626","2019060620243270158650097","400","2019-06-06","1600.0000","25.00%"
"900071319","2019060621380892120775908","425","2019-06-06","1700.0000","25.00%"
"900072113","2019060712032506608959633","400","2019-06-07","1600.0000","25.00%"
"900087698","2019060711190746642945655","400","2019-06-07","1600.0000","25.00%"
"900071262","2019060700323073193232980","450","2019-06-07","1800.0000","25.00%"
"900077299","2019060709522589471730786","406.25","2019-06-07","1625.0000","25.00%"
"900072102","2019060709171591658738660","425","2019-06-07","1700.0000","25.00%"
"900086318","2019060709340169316749804","450","2019-06-07","1800.0000","25.00%"
"900086917","2019060718010400309950837","400","2019-06-07","1600.0000","25.00%"
"900075160","2019060717523448779137554","425","2019-06-07","1700.0000","25.00%"
"900077695","2019060713445404222691150","425","2019-06-07","1700.0000","25.00%"
"900078099","2019060716164371184306330","425","2019-06-07","1700.0000","25.00%"
"900076948","2019060717432904576962085","425","2019-06-07","1700.0000","25.00%"
"900083506","2019060804200579596361731","500","2019-06-08","2000.0000","25.00%"
"900077968","2019060718040446384568366","425","2019-06-07","1700.0000","25.00%"
"900072427","2019060806432409262175133","425","2019-06-08","1700.0000","25.00%"
"900076188","2019060807240584781276346","400","2019-06-08","1600.0000","25.00%"
"900072903","2019060808472693514601650","425","2019-06-08","1700.0000","25.00%"
"900078784","2019060810060201910693440","400","2019-06-08","1600.0000","25.00%"
"900087981","2019060810131527270268648","400","2019-06-08","1600.0000","25.00%"
"900085925","2019060812085232850648597","425","2019-06-08","1700.0000","25.00%"
"900087413","2019060812353634861095036","400","2019-06-08","1600.0000","25.00%"
"900088159","2019060813082646773624545","400","2019-06-08","1600.0000","25.00%"
"900071393","2019060816040795144968712","425","2019-06-08","1700.0000","25.00%"
"900087832","2019060815470183775620514","400","2019-06-08","1600.0000","25.00%"
"900073111","2019060816424241250745963","400","2019-06-08","1600.0000","25.00%"
"900074154","2019060816525327890864740","400","2019-06-08","1600.0000","25.00%"
"900071280","2019060909274563406989685","425","2019-06-09","1700.0000","25.00%"
"900075794","2019060816340792437326301","400","2019-06-08","1600.0000","25.00%"
"900088070","2019060911120867878224935","400","2019-06-09","1600.0000","25.00%"
"900072286","2019060909412330421427185","431.25","2019-06-09","1725.0000","25.00%"
"900079144","2019060910134537773651244","425","2019-06-09","1700.0000","25.00%"
"900072449","2019060910445541255061954","431.25","2019-06-09","1725.0000","25.00%"
"900087004","2019060910451419125239083","400","2019-06-09","1600.0000","25.00%"
"900078032","2019060917134825911977995","425","2019-06-09","1700.0000","25.00%"
"900087299","2019060912132963496935603","400","2019-06-09","1600.0000","25.00%"
"900077412","2019060915334639704700661","425","2019-06-09","1700.0000","25.00%"
"900073666","2019060917531966498403310","425","2019-06-09","1700.0000","25.00%"
"900072323","2019060918102103040107074","431.25","2019-06-09","1725.0000","25.00%"
"900076707","2019060922042446048310356","400","2019-06-09","1600.0000","25.00%"
"900073665","2019060918210064488838111","425","2019-06-09","1700.0000","25.00%"
"900076914","2019060919053441159284755","425","2019-06-09","1700.0000","25.00%"
"900080403","2019060920332893920082356","500","2019-06-09","2000.0000","25.00%"
"900080974","2019060921223666923970635","400","2019-06-09","1600.0000","25.00%"
"900086161","2019060922290244732717990","400","2019-06-09","1600.0000","25.00%"
"900088287","2019061003041200174430954","400","2019-06-10","1600.0000","25.00%"
"900074787","2019061006182810126501699","450","2019-06-10","1800.0000","25.00%"
"900072847","2019061008163315003916382","431.25","2019-06-10","1725.0000","25.00%"
"900079894","2019061009140432070250138","425","2019-06-10","1700.0000","25.00%"
"900074391","2019061011544411385297977","400","2019-06-10","1600.0000","25.00%"
"900088324","2019061012024564651151701","400","2019-06-10","1600.0000","25.00%"
"900078915","2019061012571157780676228","400","2019-06-10","1600.0000","25.00%"
"900079312","2019061013385286333169417","400","2019-06-10","1600.0000","25.00%"
"900071272","2019061018170392321059619","462.5","2019-06-10","1850.0000","25.00%"
"900072862","2019061018470525652050051","425","2019-06-10","1700.0000","25.00%"
"900079462","2019061019291312914605595","400","2019-06-10","1600.0000","25.00%"
"900072180","2019061019442904282236101","431.25","2019-06-10","1725.0000","25.00%"
"900076291","2019061020210818209369484","425","2019-06-10","1700.0000","25.00%"
"900088410","2019061020510957644923383","400","2019-06-10","1600.0000","25.00%"
"900071423","2019061108422174465639815","400","2019-06-11","1600.0000","25.00%"
"900080264","2019061109431575962988287","400","2019-06-11","1600.0000","25.00%"
"900088471","2019061107285151257764135","400","2019-06-11","1600.0000","25.00%"
"900076358","2019061108460375562094132","425","2019-06-11","1700.0000","25.00%"
"900072872","2019061109505866996374203","425","2019-06-11","1700.0000","25.00%"
"900074580","2019061109524477132279767","425","2019-06-11","1700.0000","25.00%"
"900072863","2019061110071854534352732","425","2019-06-11","1700.0000","25.00%"
"900073318","2019061111092402641625356","425","2019-06-11","1700.0000","25.00%"
"900073474","2019061116165861777616538","400","2019-06-11","1600.0000","25.00%"
"900080101","2019061116253049628007753","400","2019-06-11","1600.0000","25.00%"
"900085664","2019061112151506665612131","400","2019-06-11","1600.0000","25.00%"
"900072875","2019061112295462618335694","425","2019-06-11","1700.0000","25.00%"
"900079497","2019061112271189002729032","400","2019-06-11","1600.0000","25.00%"
"900085005","2019061113520540454037756","400","2019-06-11","1600.0000","25.00%"
"900077623","2019061203291667331333121","400","2019-06-12","1600.0000","25.00%"
"900079417","2019061117555273363887939","400","2019-06-11","1600.0000","25.00%"
"900079989","2019061117592756669986103","425","2019-06-11","1700.0000","25.00%"
"900080681","2019061119294712736875165","425","2019-06-11","1700.0000","25.00%"
"900088461","2019061120330216607318693","400","2019-06-11","1600.0000","25.00%"
"900072895","2019061123490138024527726","425","2019-06-11","1700.0000","25.00%"
"900074740","2019061207233604250552392","400","2019-06-12","1600.0000","25.00%"
"900080155","2019061206264095034671317","400","2019-06-12","1600.0000","25.00%"
"900075876","2019061206595712086222003","425","2019-06-12","1700.0000","25.00%"
"900072438","2019061207142045355660296","431.25","2019-06-12","1725.0000","25.00%"
"900075267","2019061207372841415546027","425","2019-06-12","1700.0000","25.00%"
"900077368","2019061209375528847510073","425","2019-06-12","1700.0000","25.00%"
"900071455","2019061209464424812543535","456.25","2019-06-12","1825.0000","25.00%"
"900080520","2019061219082509334838711","400","2019-06-12","1600.0000","25.00%"
"900071919","2019061213020694063831486","481.25","2019-06-12","1925.0000","25.00%"
"900073137","2019061214410373310941627","425","2019-06-13","1700.0000","25.00%"
"900080694","2019061220130410087131778","400","2019-06-12","1600.0000","25.00%"
"900081394","2019061223360501601161530","400","2019-06-12","1600.0000","25.00%"
"900080645","2019061308171724798154870","400","2019-06-13","1600.0000","25.00%"
"900073023","2019061221344633159716212","425","2019-06-12","1700.0000","25.00%"
"900071485","2019061222013016388196149","456.25","2019-06-12","1825.0000","25.00%"
"900080263","2019061308221038140098321","425","2019-06-13","1700.0000","25.00%"
"900075965","2019061308555620569325656","425","2019-06-13","1700.0000","25.00%"
"900082103","2019061310470002954952692","400","2019-06-13","1600.0000","25.00%"
"900076425","2019061309364293735054715","425","2019-06-13","1700.0000","25.00%"
"900074833","2019061309403037334713024","425","2019-06-13","1700.0000","25.00%"
"900075950","2019061310071691860598875","425","2019-06-13","1700.0000","25.00%"
"900077099","2019061310444088112892613","425","2019-06-13","1700.0000","25.00%"
"900072561","2019061310473842432737884","425","2019-06-13","1700.0000","25.00%"
"900085588","2019061312325656143285057","400","2019-06-13","1600.0000","25.00%"
"900072264","2019061313252628800144696","431.25","2019-06-13","1725.0000","25.00%"
"900085698","2019061311371520584532519","425","2019-06-13","1700.0000","25.00%"
"900078978","2019061313244523314434963","400","2019-06-13","1600.0000","25.00%"
"900071257","2019061313352671237709851","456.25","2019-06-13","1825.0000","25.00%"
"900083716","2019061314033160058306752","425","2019-06-13","1700.0000","25.00%"
"900084011","2019061315425696785474588","500","2019-06-13","2000.0000","25.00%"
"900075280","2019061318103540857552917","400","2019-06-13","1600.0000","25.00%"
"900073479","2019061317002543223739058","425","2019-06-13","1700.0000","25.00%"
"900073557","2019061317325387807707591","400","2019-06-13","1600.0000","25.00%"
"900079722","2019061317515593858605501","425","2019-06-13","1700.0000","25.00%"
"900075906","2019061318373558140376078","425","2019-06-13","1700.0000","25.00%"
"900071711","2019061320595723509673074","456.25","2019-06-13","1825.0000","25.00%"
"900085473","2019061321152574982664158","425","2019-06-13","1700.0000","25.00%"
"900074691","2019061321574400905150193","425","2019-06-13","1700.0000","25.00%"
"900073609","2019061322050761640708813","425","2019-06-13","1700.0000","25.00%"
"900073866","2019061322232421488764388","425","2019-06-13","1700.0000","25.00%"
"900085387","2019061322534799229156098","425","2019-06-13","1700.0000","25.00%"
"900075823","2019061401324863394389459","400","2019-06-14","1600.0000","25.00%"
"900078176","2019061411084348748944431","400","2019-06-14","1600.0000","25.00%"
"900084161","2019061408321992833135981","400","2019-06-14","1600.0000","25.00%"
"900076251","2019061408525511588737682","400","2019-06-14","1600.0000","25.00%"
"900077645","2019061409362391773978935","425","2019-06-14","1700.0000","25.00%"
"900074258","2019061410565966493817719","425","2019-06-14","1700.0000","25.00%"
"900077411","2019061411210711282087807","425","2019-06-14","1700.0000","25.00%"
"900078495","2019061411280236275703624","400","2019-06-14","1600.0000","25.00%"
"900081571","2019061415031948424502279","400","2019-06-14","1600.0000","25.00%"
"900073772","2019061416020813134799833","400","2019-06-14","1600.0000","25.00%"
"900073248","2019061415514618079326672","425","2019-06-14","1700.0000","25.00%"
"900074810","2019061415362158812865761","425","2019-06-14","1700.0000","25.00%"
"900077352","2019061413445859584087783","425","2019-06-14","1700.0000","25.00%"
"900073185","2019061507154438788568205","425","2019-06-15","1700.0000","25.00%"
"900073432","2019061422450761648977933","475","2019-06-14","1900.0000","25.00%"
"900072912","2019061416062927286591438","425","2019-06-14","1700.0000","25.00%"
"900085285","2019061416184340836925599","425","2019-06-14","1700.0000","25.00%"
"900075241","2019061416354254151738460","425","2019-06-14","1700.0000","25.00%"
"900078114","2019061507501125577590898","425","2019-06-15","1700.0000","25.00%"
"900075582","2019061508365497003903303","425","2019-06-15","1700.0000","25.00%"
"900076925","2019061509244659473135213","425","2019-06-15","1700.0000","25.00%"
"900077109","2019061509354108543468401","425","2019-06-15","1700.0000","25.00%"
"900076775","2019061509365477832117808","425","2019-06-15","1700.0000","25.00%"
"900073434","2019061509450075338107916","425","2019-06-15","1700.0000","25.00%"
"900072732","2019061510035736782338627","425","2019-06-15","1700.0000","25.00%"
"900087580","2019061511491499138298577","500","2019-06-15","2000.0000","25.00%"
"900074350","2019061514393127784920792","425","2019-06-15","1700.0000","25.00%"
"900073168","2019061511580597937305002","425","2019-06-15","1700.0000","25.00%"
"900071544","2019061512234326729844271","456.25","2019-06-15","1825.0000","25.00%"
"900078614","2019061515131127191536267","425","2019-06-15","1700.0000","25.00%"
"900073944","2019061516102529896579553","425","2019-06-15","1700.0000","25.00%"
"900078349","2019061601241218046252296","400","2019-06-16","1600.0000","25.00%"
"900080461","2019061517145494847860799","500","2019-06-15","2000.0000","25.00%"
"900075424","2019061518264103967329706","425","2019-06-15","1700.0000","25.00%"
"900074167","2019061518523863031229718","425","2019-06-15","1700.0000","25.00%"
"900082284","2019061519335936401811519","425","2019-06-15","1700.0000","25.00%"
"900076507","2019061610091477352494888","400","2019-06-16","1600.0000","25.00%"
"900073524","2019061607392380554592477","425","2019-06-16","1700.0000","25.00%"
"900077586","2019061608022461788616204","425","2019-06-16","1700.0000","25.00%"
"900085111","2019061609010466733401766","425","2019-06-16","1700.0000","25.00%"
"900077793","2019061609214170700025327","425","2019-06-16","1700.0000","25.00%"
"900077438","2019061610053638808010081","400","2019-06-16","1600.0000","25.00%"
"900075826","2019061610290221182891402","425","2019-06-16","1700.0000","25.00%"
"900075713","2019061610394283886177801","425","2019-06-16","1700.0000","25.00%"
"900077422","2019061611001750248937607","425","2019-06-16","1700.0000","25.00%"
"900073522","2019061611091320407695767","425","2019-06-16","1700.0000","25.00%"
"900078456","2019061611111402195153028","425","2019-06-16","1700.0000","25.00%"
"900075620","2019061612101090257315770","425","2019-06-16","1700.0000","25.00%"
"900078630","2019061614412808479265627","400","2019-06-16","1600.0000","25.00%"
"900078998","2019061615283146058247458","425","2019-06-16","1700.0000","25.00%"
"900074615","2019061618184107078032791","400","2019-06-16","1600.0000","25.00%"
"900084885","2019061619153249982033691","500","2019-06-16","2000.0000","25.00%"
"900078586","2019061617025749850083204","400","2019-06-16","1600.0000","25.00%"
"900077884","2019061619273116389222876","425","2019-06-16","1700.0000","25.00%"
"900083588","2019061623032406743548812","425","2019-06-16","1700.0000","25.00%"
"900078191","2019061700460138389151509","400","2019-06-17","1600.0000","25.00%"
"900075160","2019061707590203810957611","450","2019-06-17","1800.0000","25.00%"
"900078751","2019061700093955807775291","400","2019-06-17","1600.0000","25.00%"
"900077448","2019061700321205555927955","425","2019-06-17","1700.0000","25.00%"
"900075270","2019061700463838115928996","425","2019-06-17","1700.0000","25.00%"
"900075697","2019061702081304314277798","400","2019-06-17","1600.0000","25.00%"
"900072059","2019061706080147825109218","450","2019-06-17","1800.0000","25.00%"
"900079787","2019061708075760584213981","425","2019-06-17","1700.0000","25.00%"
"900088528","2019061708314205964620873","400","2019-06-17","1600.0000","25.00%"
"900077394","2019061709311619734948966","425","2019-06-17","1700.0000","25.00%"
"900071231","2019061709315972747876851","475","2019-06-17","1900.0000","25.00%"
"900075731","2019061709540423405336621","425","2019-06-17","1700.0000","25.00%"
"900079726","2019061710015876088389011","425","2019-06-17","1700.0000","25.00%"
"900074284","2019061710040434879246284","425","2019-06-17","1700.0000","25.00%"
"900085149","2019061710184687685499583","425","2019-06-17","1700.0000","25.00%"
"900074324","2019061710194367593668173","425","2019-06-17","1700.0000","25.00%"
"900076346","2019061710252420340127970","425","2019-06-17","1700.0000","25.00%"
"900077362","2019061711192038209180860","425","2019-06-17","1700.0000","25.00%"
"900079836","2019061713220741442751607","425","2019-06-17","1700.0000","25.00%"
"900073555","2019061713575835357093449","425","2019-06-17","1700.0000","25.00%"
"900076656","2019061717460905146658660","400","2019-06-17","1600.0000","25.00%"
"900078021","2019061714082067482485376","400","2019-06-17","1600.0000","25.00%"
"900074564","2019061714561884508246659","425","2019-06-17","1700.0000","25.00%"
"900080831","2019061715042927343269387","425","2019-06-17","1700.0000","25.00%"
"900088516","2019061717203992152573289","400","2019-06-17","1600.0000","25.00%"
"900074878","2019061717472641849710563","425","2019-06-17","1700.0000","25.00%"
"900079614","2019061717490242497005791","425","2019-06-17","1700.0000","25.00%"
"900079623","2019061722224046160808424","425","2019-06-17","1700.0000","25.00%"
"900072799","2019061719323501019776230","425","2019-06-17","1700.0000","25.00%"
"900078031","2019061720254946542622793","425","2019-06-17","1700.0000","25.00%"
"900079985","2019061801223087402608457","425","2019-06-18","1700.0000","25.00%"
"900079643","2019061803081458046490599","425","2019-06-18","1700.0000","25.00%"
"900078443","2019061804382584293151774","425","2019-06-18","1700.0000","25.00%"
"900076368","2019061807234212374932872","450","2019-06-18","1800.0000","25.00%"
"900080383","2019061807334623601223436","425","2019-06-18","1700.0000","25.00%"
"900072720","2019061807374056076010322","425","2019-06-18","1700.0000","25.00%"
"900080509","2019061809334960075430200","425","2019-06-18","1700.0000","25.00%"
"900080648","2019061809360938030118716","425","2019-06-18","1700.0000","25.00%"
"900076752","2019061810111429742704054","425","2019-06-18","1700.0000","25.00%"
"900078815","2019061809453926796187262","425","2019-06-18","1700.0000","25.00%"
"900079399","2019061809575640775520109","425","2019-06-18","1700.0000","25.00%"
"900075801","2019061810122074673356724","425","2019-06-18","1700.0000","25.00%"
"900079866","2019061810554180806288713","425","2019-06-18","1700.0000","25.00%"
"900080347","2019061812214429499496219","425","2019-06-18","1700.0000","25.00%"
"900078345","2019061812533649785416484","425","2019-06-18","1700.0000","25.00%"
"900078897","2019061813590339784866076","425","2019-06-18","1700.0000","25.00%"
"900080402","2019061814424929160139451","425","2019-06-18","1700.0000","25.00%"
"900074590","2019061815524378018372270","400","2019-06-18","1600.0000","25.00%"
"900078319","2019061815011207635834487","425","2019-06-18","1700.0000","25.00%"
"900084979","2019061816351182856040095","425","2019-06-18","1700.0000","25.00%"
"900087201","2019061818120325460792167","425","2019-06-18","1700.0000","25.00%"
"900080571","2019061818463981401417700","425","2019-06-18","1700.0000","25.00%"
"900078458","2019061820285531422592692","425","2019-06-18","1700.0000","25.00%"
"900074123","2019061902270267362989356","425","2019-06-19","1700.0000","25.00%"
"900089382","2019061909083277056098316","400","2019-06-19","1600.0000","25.00%"
"900089435","2019061909210278964137987","500","2019-06-19","2000.0000","25.00%"
"900071431","2019061909574650922124342","450","2019-06-19","1800.0000","25.00%"
"900089369","2019061910110364736202360","400","2019-06-19","1600.0000","25.00%"
"900084559","2019061910344528999583282","425","2019-06-19","1700.0000","25.00%"
"900071512","2019061911160178355699352","456.25","2019-06-19","1825.0000","25.00%"
"900084287","2019061911153785366400671","425","2019-06-19","1700.0000","25.00%"
"900074413","2019061911082856186907735","425","2019-06-19","1700.0000","25.00%"
"900075396","2019061911374594280266093","400","2019-06-19","1600.0000","25.00%"
"900079848","2019061912141706169947004","425","2019-06-19","1700.0000","25.00%"
"900076400","2019061911344864284041452","425","2019-06-19","1700.0000","25.00%"
"900089443","2019061911473329683133730","300","2019-06-19","1200.0000","25.00%"
"900071264","2019061911570831742495371","450","2019-06-19","1800.0000","25.00%"
"900079392","2019061912360942602978567","400","2019-06-19","1600.0000","25.00%"
"900085170","2019061913295166178165017","425","2019-06-19","1700.0000","25.00%"
"900077642","2019061914183273901845468","425","2019-06-19","1700.0000","25.00%"
"900081119","2019061914535419885138055","425","2019-06-19","1700.0000","25.00%"
"900080144","2019061915115472270899212","425","2019-06-19","1700.0000","25.00%"
"900089460","2019061915223234895154768","300","2019-06-20","1200.0000","25.00%"
"900076830","2019061915591936080866526","425","2019-06-19","1700.0000","25.00%"
"900073907","2019061916130546751501111","400","2019-06-19","1600.0000","25.00%"
"900089442","2019061916475900156039867","500","2019-06-19","2000.0000","25.00%"
"900078541","2019061916075908561395145","425","2019-06-19","1700.0000","25.00%"
"900089469","2019061916223338112204728","300","2019-06-20","1200.0000","25.00%"
"900085206","2019061917275158986880480","425","2019-06-20","2000.0000","21.25%"
"900077277","2019061917300876484522796","425","2019-06-19","1600.0000","26.56%"
"900089394","2019061917320844284368753","300","2019-06-27","1200.0000","25.00%"
"900081819","2019061918000684259824558","425","2019-06-19","1600.0000","26.56%"
"900077566","2019061918132038894193259","425","2019-06-20","2000.0000","21.25%"
"900086381","2019061918242440550628199","425","2019-06-20","2000.0000","21.25%"
"900089414","2019061918313078827037423","400","2019-06-19","1600.0000","25.00%"
"900089304","2019061920261533541157129","448","2019-06-19","1600.0000","28.00%"
"900078243","2019061922464470245016819","448","2019-06-19","1600.0000","28.00%"
"900087862","2019062005231333530317269","360","2019-06-20","1200.0000","30.00%"
"900089287","2019062008253978476901206","500","2019-06-20","2000.0000","25.00%"
"900089478","2019062009093074155730297","448","2019-06-20","1600.0000","28.00%"
"900089490","2019062009583456374373506","500","2019-06-20","2000.0000","25.00%"
"900074660","2019062008421293185330317","448","2019-06-20","1600.0000","28.00%"
"900079001","2019062010215732523944756","425","2019-06-20","1700.0000","25.00%"
"900082547","2019062010275347282316837","425","2019-06-20","1700.0000","25.00%"
"900073605","2019062010351257447358158","425","2019-06-20","1700.0000","25.00%"
"900077511","2019062010425451007169219","425","2019-06-20","1700.0000","25.00%"
"900075652","2019062010462254721080551","425","2019-06-20","1700.0000","25.00%"
"900071606","2019062010474464959534180","481.25","2019-06-20","1925.0000","25.00%"
"900075018","2019062010544703332237529","425","2019-06-20","1700.0000","25.00%"
"900077695","2019062011004335800037598","450","2019-06-20","1800.0000","25.00%"
"900073943","2019062011094450880105601","425","2019-06-20","1700.0000","25.00%"
"900077259","2019062011161161533903911","425","2019-06-20","1700.0000","25.00%"
"900087296","2019062011164765588637253","425","2019-06-20","1700.0000","25.00%"
"900076728","2019062011203087952028455","425","2019-06-20","1700.0000","25.00%"
"900079360","2019062011264058964291563","425","2019-06-20","1700.0000","25.00%"
"900075643","2019062013053321314735518","425","2019-06-20","1700.0000","25.00%"
"900075418","2019062011494658729672758","400","2019-06-20","1600.0000","25.00%"
"900076625","2019062012343134351168003","425","2019-06-20","1700.0000","25.00%"
"900085792","2019062012444112631241156","425","2019-06-20","1700.0000","25.00%"
"900078181","2019062013391849623137388","400","2019-06-20","1600.0000","25.00%"
"900079747","2019062013125202072866199","425","2019-06-20","1700.0000","25.00%"
"900080459","2019062013251373809642310","425","2019-06-20","1700.0000","25.00%"
"900074407","2019062013282280849303292","425","2019-06-20","1700.0000","25.00%"
"900082151","2019062013443256753804284","425","2019-06-20","1700.0000","25.00%"
"900083907","2019062013443960750250494","525","2019-06-20","2100.0000","25.00%"
"900073883","2019062014341076537442797","425","2019-06-20","1700.0000","25.00%"
"900084486","2019062013490339396940501","425","2019-06-20","1700.0000","25.00%"
"900089256","2019062014023345575672311","500","2019-06-20","2000.0000","25.00%"
"900089528","2019062014091115781339809","360","2019-06-20","1200.0000","30.00%"
"900085825","2019062014092898304683246","425","2019-06-20","1700.0000","25.00%"
"900089530","2019062014115187086025613","500","2019-06-20","2000.0000","25.00%"
"900089516","2019062015053241102076605","360","2019-06-20","1200.0000","30.00%"
"900079596","2019062014385561904037275","400","2019-06-20","1600.0000","25.00%"
"900075787","2019062014391575261213932","425","2019-06-20","1700.0000","25.00%"
"900071464","2019062015443607533428218","425","2019-06-20","1700.0000","25.00%"
"900081224","2019062015501736012176886","448","2019-06-20","1600.0000","28.00%"
"900087702","2019062017281581703328303","400","2019-06-20","1600.0000","25.00%"
"900074545","2019062016153333898368331","425","2019-06-20","1700.0000","25.00%"
"900074894","2019062016230427890634527","425","2019-06-20","1700.0000","25.00%"
"900084986","2019062016471887410076135","425","2019-06-20","1700.0000","25.00%"
"900080938","2019062016473487452441407","425","2019-06-20","1700.0000","25.00%"
"900084349","2019062017164520630804912","400","2019-06-20","1600.0000","25.00%"
"900078370","2019062017294735600750734","425","2019-06-20","1700.0000","25.00%"
"900076216","2019062017524105251379489","425","2019-06-20","1700.0000","25.00%"
"900089574","2019062018582818682732850","360","2019-06-21","1200.0000","30.00%"
"900074193","2019062020522250656093819","425","2019-06-20","1700.0000","25.00%"
"900089118","2019062021455212032396078","360","2019-06-20","1200.0000","30.00%"
"900073703","2019062022432388881514185","425","2019-06-20","1700.0000","25.00%"
"900080638","2019062022445764170295217","425","2019-06-20","1700.0000","25.00%"
"900089522","2019062107542182549370165","448","2019-06-21","1600.0000","28.00%"
"900085544","2019062100361910611263043","425","2019-06-21","1700.0000","25.00%"
"900086748","2019062103373705761406648","425","2019-06-21","1700.0000","25.00%"
"900077200","2019062107302679249639811","425","2019-06-21","1700.0000","25.00%"
"900089640","2019062107415902939491440","500","2019-06-21","2000.0000","25.00%"
"900073604","2019062108501088260298847","425","2019-06-21","1700.0000","25.00%"
"900086136","2019062109195914234449548","425","2019-06-21","1700.0000","25.00%"
"900080949","2019062108582725391524959","425","2019-06-21","1700.0000","25.00%"
"900076390","2019062109143288246796607","400","2019-06-21","1600.0000","25.00%"
"900081836","2019062109170105755135068","425","2019-06-21","1700.0000","25.00%"
"900087501","2019062109311251507191182","425","2019-06-21","1700.0000","25.00%"
"900084822","2019062109415217173045250","425","2019-06-21","1700.0000","25.00%"
"900079868","2019062109544101726055231","425","2019-06-21","1700.0000","25.00%"
"900089652","2019062110022423146945823","448","2019-06-21","1600.0000","28.00%"
"900080856","2019062110473679058900060","425","2019-06-21","1700.0000","25.00%"
"900077230","2019062112133750351011832","425","2019-06-21","1700.0000","25.00%"
"900080522","2019062112381182644929400","425","2019-06-21","1700.0000","25.00%"
"900073194","2019062114584671856857429","400","2019-06-21","1600.0000","25.00%"
"900082474","2019062113525473581904181","425","2019-06-21","1700.0000","25.00%"
"900077452","2019062114081671331692340","500","2019-06-21","2000.0000","25.00%"
"900086269","2019062114244057175059608","425","2019-06-21","1700.0000","25.00%"
"900072328","2019062114473808304571091","425","2019-06-21","1700.0000","25.00%"
"900086259","2019062114564914955099708","425","2019-06-21","1700.0000","25.00%"
"900075364","2019062116190544119326380","400","2019-06-21","1600.0000","25.00%"
"900086637","2019062115205869023043515","450","2019-06-21","1800.0000","25.00%"
"900089732","2019062116013480997140155","360","2019-06-21","1200.0000","30.00%"
"900080578","2019062116060834030574247","425","2019-06-21","1700.0000","25.00%"
"900085514","2019062117581384523791830","360","2019-06-21","1200.0000","30.00%"
"900078944","2019062117344924468562144","425","2019-06-21","1700.0000","25.00%"
"900080582","2019062118105724980767243","425","2019-06-21","1700.0000","25.00%"
"900079785","2019062118295559560773592","425","2019-06-21","1700.0000","25.00%"
"900074941","2019062119020326486679638","425","2019-06-21","1700.0000","25.00%"
"900089476","2019062119271340800147871","448","2019-06-21","1600.0000","28.00%"
"900085024","2019062120491856897781267","425","2019-06-21","1700.0000","25.00%"
"900076914","2019062121235045337420469","450","2019-06-21","1800.0000","25.00%"
"900088755","2019062121344096629495385","360","2019-06-24","1200.0000","30.00%"
"900076691","2019062121443841635888622","425","2019-06-21","1700.0000","25.00%"
"900075658","2019062208012254362663558","425","2019-06-22","1700.0000","25.00%"
"900078707","2019062208550103686538628","425","2019-06-22","1700.0000","25.00%"
"900077725","2019062209033557312690095","425","2019-06-22","1700.0000","25.00%"
"900073130","2019062209195016906012005","425","2019-06-22","1700.0000","25.00%"
"900078564","2019062209383303512112739","400","2019-06-22","1600.0000","25.00%"
"900088974","2019062211214688875385173","500","2019-06-22","2000.0000","25.00%"
"900076550","2019062209244880283831376","425","2019-06-22","1700.0000","25.00%"
"900077869","2019062209344191530247049","425","2019-06-22","1700.0000","25.00%"
"900077624","2019062210440902883188482","425","2019-06-24","1700.0000","25.00%"
"900074589","2019062212083761692196998","400","2019-06-22","1600.0000","25.00%"
"900079366","2019062213351525904595720","425","2019-06-22","1700.0000","25.00%"
"900077489","2019062213354778638920106","425","2019-06-22","1700.0000","25.00%"
"900085263","2019062214020358689161323","425","2019-06-22","1700.0000","25.00%"
"900077470","2019062214075915260034026","425","2019-06-22","1700.0000","25.00%"
"900075779","2019062214151137857363419","425","2019-06-22","1700.0000","25.00%"
"900075905","2019062214274289257907299","425","2019-06-22","1700.0000","25.00%"
"900074709","2019062217501328288468967","425","2019-06-22","1700.0000","25.00%"
"900089750","2019062215450590634326347","360","2019-06-22","1200.0000","30.00%"
"900071748","2019062215263026376011685","456.25","2019-06-22","1825.0000","25.00%"
"900075194","2019062217203217917168528","360","2019-06-22","1200.0000","30.00%"
"900088391","2019062217280188176971951","500","2019-06-22","2000.0000","25.00%"
"900079851","2019062219052216295716628","500","2019-06-22","2000.0000","25.00%"
"900087370","2019062308395128713533626","500","2019-06-23","2000.0000","25.00%"
"900085127","2019062221524801781443562","360","2019-06-22","1200.0000","30.00%"
"900078780","2019062222232158195449640","360","2019-06-22","1200.0000","30.00%"
"900075746","2019062222533600766959409","425","2019-06-22","1700.0000","25.00%"
"900089947","2019062300252561193856242","360","2019-06-23","1200.0000","30.00%"
"900077329","2019062307352189678298377","425","2019-06-23","1700.0000","25.00%"
"900084685","2019062306595791495168930","425","2019-06-23","1700.0000","25.00%"
"900089260","2019062309014314525518756","448","2019-06-23","1600.0000","28.00%"
"900089637","2019062309275514581768901","500","2019-06-23","2000.0000","25.00%"
"900078542","2019062309362185741319043","425","2019-06-23","1700.0000","25.00%"
"900078605","2019062309474034698222515","425","2019-06-23","1700.0000","25.00%"
"900078664","2019062309544595731588459","425","2019-06-23","1700.0000","25.00%"
"900075628","2019062310095028904650758","425","2019-06-23","1700.0000","25.00%"
"900078584","2019062311263288317472773","400","2019-06-23","1600.0000","25.00%"
"900077444","2019062311525519527563024","425","2019-06-23","1700.0000","25.00%"
"900074609","2019062311102256400157229","425","2019-06-23","1700.0000","25.00%"
"900086462","2019062310173478993663591","425","2019-06-23","1700.0000","25.00%"
"900077951","2019062310501994621350249","425","2019-06-23","1700.0000","25.00%"
"900078044","2019062311212691820511515","425","2019-06-23","1700.0000","25.00%"
"900079588","2019062312180444884262168","425","2019-06-23","1700.0000","25.00%"
"900085255","2019062314132557129712761","500","2019-06-23","2000.0000","25.00%"
"900078165","2019062314040885964916662","400","2019-06-23","1600.0000","25.00%"
"900077932","2019062312441734040385288","425","2019-06-23","1700.0000","25.00%"
"900090018","2019062312580137114508903","500","2019-06-23","2000.0000","25.00%"
"900076371","2019062313424955632476119","425","2019-06-23","1700.0000","25.00%"
"900075770","2019062314040741482806099","425","2019-06-23","1700.0000","25.00%"
"900086017","2019062314143211278909278","400","2019-06-23","1600.0000","25.00%"
"900087017","2019062314303305376388516","425","2019-06-23","1700.0000","25.00%"
"900090045","2019062314352355783653528","360","2019-06-23","1200.0000","30.00%"
"900078132","2019062315525376780158280","425","2019-06-23","1700.0000","25.00%"
"900079670","2019062316284212674352297","425","2019-06-23","1700.0000","25.00%"
"900075921","2019062316510975874592863","525","2019-06-23","2100.0000","25.00%"
"900089425","2019062317044695749514758","448","2019-06-23","1600.0000","28.00%"
"900077593","2019062317214777718156998","425","2019-06-23","1700.0000","25.00%"
"900090071","2019062317350326028660086","360","2019-06-23","1200.0000","30.00%"
"900075147","2019062319281133492745430","425","2019-06-23","1700.0000","25.00%"
"900090096","2019062321292884559403772","448","2019-06-23","1600.0000","28.00%"
"900079842","2019062321124918787132807","425","2019-06-23","1700.0000","25.00%"
"900075152","2019062322195938246714973","425","2019-06-23","1700.0000","25.00%"
"900087244","2019062322401405526317535","525","2019-06-23","2100.0000","25.00%"
"900077729","2019062323535178529167631","425","2019-06-23","1700.0000","25.00%"
"900083520","2019062405172735476365305","425","2019-06-24","1700.0000","25.00%"
"900074014","2019062406433669275338577","425","2019-06-24","1700.0000","25.00%"
"900077275","2019062409015400433824858","400","2019-06-24","1600.0000","25.00%"
"900083878","2019062406584415214936795","425","2019-06-24","1700.0000","25.00%"
"900080041","2019062407194628055419165","425","2019-06-24","1700.0000","25.00%"
"900079782","2019062408391396041493268","425","2019-06-24","1700.0000","25.00%"
"900079561","2019062408394034119806225","425","2019-06-24","1700.0000","25.00%"
"900079279","2019062408501901037003532","425","2019-06-24","1700.0000","25.00%"
"900084201","2019062409082219238613801","425","2019-06-24","1700.0000","25.00%"
"900079832","2019062409191465534726824","425","2019-06-24","1700.0000","25.00%"
"900078516","2019062409193418834255319","425","2019-06-24","1700.0000","25.00%"
"900078296","2019062409312810534348886","448","2019-06-24","1600.0000","28.00%"
"900079743","2019062409384166748571804","425","2019-06-24","1700.0000","25.00%"
"900079382","2019062410023497582355240","425","2019-06-24","1700.0000","25.00%"
"900077997","2019062410194349339130685","425","2019-06-24","1700.0000","25.00%"
"900088334","2019062410204280988092399","448","2019-06-24","1600.0000","28.00%"
"900079361","2019062410505319049877945","425","2019-06-24","1700.0000","25.00%"
"900090187","2019062410590734310042239","360","2019-06-24","1200.0000","30.00%"
"900079788","2019062411262559456602978","425","2019-06-24","1700.0000","25.00%"
"900080741","2019062411495321079984513","425","2019-06-24","1700.0000","25.00%"
"900086140","2019062412363302116600516","425","2019-06-24","1700.0000","25.00%"
"900079421","2019062412215369765965062","425","2019-06-24","1700.0000","25.00%"
"900078925","2019062412392769524026819","425","2019-06-24","1700.0000","25.00%"
"900078940","2019062413541447775130966","425","2019-06-24","1700.0000","25.00%"
"900080138","2019062414223539530474107","425","2019-06-24","1700.0000","25.00%"
"900075206","2019062414224254327987385","450","2019-06-24","1800.0000","25.00%"
"900090173","2019062414532489470671211","448","2019-06-24","1600.0000","28.00%"
"900078661","2019062415182083841928909","425","2019-06-24","1700.0000","25.00%"
"900090383","2019062415230371218179741","500","2019-06-24","2000.0000","25.00%"
"900079777","2019062415441665440182569","425","2019-06-24","1700.0000","25.00%"
"900090428","2019062416060769689630762","500","2019-06-24","2000.0000","25.00%"
"900089902","2019062418064224026733088","360","2019-06-24","1200.0000","30.00%"
"900079883","2019062416090756794428336","425","2019-06-24","1700.0000","25.00%"
"900077865","2019062416420130397651539","425","2019-06-24","1700.0000","25.00%"
"900081834","2019062417164341853503576","425","2019-06-24","1700.0000","25.00%"
"900077270","2019062418164706839199527","425","2019-06-24","1700.0000","25.00%"
"900090215","2019062418282883251816143","448","2019-06-24","1600.0000","28.00%"
"900079763","2019062419183236203172476","425","2019-06-24","1700.0000","25.00%"
"900079415","2019062419403914152901385","425","2019-06-24","1700.0000","25.00%"
"900086566","2019062420211123523478068","425","2019-06-24","1700.0000","25.00%"
"900080661","2019062420250799653606953","425","2019-06-24","1700.0000","25.00%"
"900078779","2019062420482906641258160","425","2019-06-24","1700.0000","25.00%"
"900077730","2019062422291902917863071","425","2019-06-24","1700.0000","25.00%"
"900079443","2019062421153805997145833","425","2019-06-24","1700.0000","25.00%"
"900080180","2019062423165154014200024","425","2019-06-24","1700.0000","25.00%"
"900078771","2019062500035871293995342","425","2019-06-25","1700.0000","25.00%"
"900090649","2019062500513712336868189","360","2019-06-25","1200.0000","30.00%"
"900078954","2019062506293309329962124","425","2019-06-25","1700.0000","25.00%"
"900080042","2019062506391178453050060","400","2019-06-25","1600.0000","25.00%"
"900089356","2019062507353415934889677","360","2019-06-25","1200.0000","30.00%"
"900076292","2019062508232751522991369","425","2019-06-25","1700.0000","25.00%"
"900080064","2019062509225554048864384","425","2019-06-25","1700.0000","25.00%"
"900081277","2019062509333059847245703","525","2019-06-25","2100.0000","25.00%"
"900074905","2019062509430515723606529","425","2019-06-25","1700.0000","25.00%"
"900087270","2019062510464824384524665","448","2019-06-25","1600.0000","28.00%"
"900079567","2019062510031635058553842","425","2019-06-25","1700.0000","25.00%"
"900079911","2019062510120698257834781","425","2019-06-25","1700.0000","25.00%"
"900084659","2019062510300600625837239","425","2019-06-25","1700.0000","25.00%"
"900084317","2019062510335510464586190","425","2019-06-25","1700.0000","25.00%"
"900080186","2019062510383628666792691","425","2019-06-25","1700.0000","25.00%"
"900089510","2019062511055109556323437","448","2019-06-25","1600.0000","28.00%"
"900079818","2019062511122212330801638","425","2019-06-25","1700.0000","25.00%"
"900080263","2019062510535158416389699","450","2019-06-25","1800.0000","25.00%"
"900073259","2019062511440518085661864","425","2019-06-25","1700.0000","25.00%"
"900078708","2019062511453339148396255","425","2019-06-25","1700.0000","25.00%"
"900090554","2019062511545753706221972","500","2019-06-25","2000.0000","25.00%"
"900090849","2019062512405739119748609","360","2019-06-25","1200.0000","30.00%"
"900084383","2019062512461169133058742","425","2019-06-25","1700.0000","25.00%"
"900081805","2019062512515927653670528","360","2019-06-25","1200.0000","30.00%"
"900090872","2019062513093702108027583","500","2019-06-25","2000.0000","25.00%"
"900078170","2019062513245529245213140","425","2019-06-25","1700.0000","25.00%"
"900086247","2019062513284848849657640","425","2019-06-25","1700.0000","25.00%"
"900080255","2019062514383508679926098","425","2019-06-25","1700.0000","25.00%"
"900073873","2019062515390721021601443","425","2019-06-25","1700.0000","25.00%"
"900090942","2019062514493878034213006","500","2019-06-25","2000.0000","25.00%"
"900079885","2019062515294539479422483","425","2019-06-25","1700.0000","25.00%"
"900083711","2019062515302212778705874","425","2019-06-25","1700.0000","25.00%"
"900080397","2019062515413303249093979","400","2019-06-25","1600.0000","25.00%"
"900080023","2019062518232774967865526","425","2019-06-25","1700.0000","25.00%"
"900091055","2019062518334734168431881","360","2019-06-25","1200.0000","30.00%"
"900082312","2019062520361504222602846","425","2019-06-25","1700.0000","25.00%"
"900084794","2019062600180219306764388","425","2019-06-26","1700.0000","25.00%"
"900072924","2019062601043434520045403","425","2019-06-26","1700.0000","25.00%"
"900082813","2019062603482788938266183","425","2019-06-26","1700.0000","25.00%"
"900076188","2019062604011672830288152","425","2019-06-26","1700.0000","25.00%"
"900075673","2019062604320829491101974","450","2019-06-26","1800.0000","25.00%"
"900085522","2019062606351310979459047","425","2019-06-26","1700.0000","25.00%"
"900079625","2019062607345175420113768","425","2019-06-26","1700.0000","25.00%"
"900075849","2019062608182410650009552","450","2019-06-26","1800.0000","25.00%"
"900080027","2019062608411070285178997","425","2019-06-26","1700.0000","25.00%"
"900084915","2019062609010288470910954","425","2019-06-26","1700.0000","25.00%"
"900081057","2019062609013466516389465","425","2019-06-26","1700.0000","25.00%"
"900091286","2019062609372049412673872","500","2019-06-26","2000.0000","25.00%"
"900073314","2019062609245161459776371","450","2019-06-26","1800.0000","25.00%"
"900091297","2019062609291824571885825","360","2019-06-26","1200.0000","30.00%"
"900080093","2019062609342814276246665","425","2019-06-26","1700.0000","25.00%"
"900078079","2019062610511364673385856","400","2019-06-26","1600.0000","25.00%"
"900072872","2019062610124281560731045","450","2019-06-26","1800.0000","25.00%"
"900082211","2019062610182929482866580","425","2019-06-26","1700.0000","25.00%"
"900084951","2019062610534877760180132","425","2019-06-26","1700.0000","25.00%"
"900080424","2019062611030371234487933","425","2019-06-26","1700.0000","25.00%"
"900076230","2019062612152986606061806","425","2019-06-26","1700.0000","25.00%"
"900071424","2019062611394877605551247","475","2019-06-26","1900.0000","25.00%"
"900084435","2019062612243743031413341","525","2019-06-26","2100.0000","25.00%"
"900091342","2019062612355534480677863","500","2019-06-26","2000.0000","25.00%"
"900078922","2019062612291418398429056","425","2019-06-26","1700.0000","25.00%"
"900085287","2019062612362580685722779","425","2019-06-26","1700.0000","25.00%"
"900075160","2019062612482536654577091","475","2019-06-26","1900.0000","25.00%"
"900085009","2019062612500119990311547","425","2019-06-26","1700.0000","25.00%"
"900074580","2019062613140695367758461","450","2019-06-26","1800.0000","25.00%"
"900091463","2019062613181057470458104","360","2019-06-26","1200.0000","30.00%"
"900078519","2019062613280518483363094","425","2019-06-26","1700.0000","25.00%"
"900087460","2019062613522063358693899","425","2019-06-26","1700.0000","25.00%"
"900079863","2019062613321116169971076","425","2019-06-26","1700.0000","25.00%"
"900079341","2019062614471283817834660","425","2019-06-26","1700.0000","25.00%"
"900086264","2019062614501681914419077","425","2019-06-26","1700.0000","25.00%"
"900079144","2019062614570480968318312","450","2019-06-26","1800.0000","25.00%"
"900091532","2019062615095743009248962","360","2019-06-26","1200.0000","30.00%"
"900082808","2019062615191824119108537","425","2019-06-26","1700.0000","25.00%"
"900091431","2019062616161783178888968","360","2019-06-26","1200.0000","30.00%"
"900082225","2019062615354405873819889","400","2019-06-26","1600.0000","25.00%"
"900073772","2019062616020138514471157","425","2019-06-26","1700.0000","25.00%"
"900088961","2019062616043388020988373","360","2019-06-26","1200.0000","30.00%"
"900082284","2019062616355002901421529","450","2019-06-26","1800.0000","25.00%"
"900079381","2019062617132935720572359","425","2019-06-26","1700.0000","25.00%"
"900082976","2019062617191190813991643","425","2019-06-26","1700.0000","25.00%"
"900071476","2019062617200585286997680","450","2019-06-26","1800.0000","25.00%"
"900072324","2019062617225450312417511","425","2019-06-26","1700.0000","25.00%"
"900087391","2019062618500154632055987","425","2019-06-26","1700.0000","25.00%"
"900077968","2019062618102336395248758","450","2019-06-26","1800.0000","25.00%"
"900091009","2019062618445837527734577","500","2019-06-26","2000.0000","25.00%"
"900079652","2019062619213846565510108","425","2019-06-26","1700.0000","25.00%"
"900078147","2019062619592480297770338","425","2019-06-26","1700.0000","25.00%"
"900078693","2019062620065034571695288","425","2019-06-26","1700.0000","25.00%"
"900084663","2019062620163025094154307","425","2019-06-26","1700.0000","25.00%"
"900080440","2019062621314337857829385","425","2019-06-26","1700.0000","25.00%"
"900080932","2019062621333703612395640","425","2019-06-26","1700.0000","25.00%"
"900079462","2019062622081694527673156","425","2019-06-28","1700.0000","25.00%"
"900071262","2019062700111182655323743","475","2019-06-27","1900.0000","25.00%"
"900087142","2019062702190240260916534","425","2019-06-27","1700.0000","25.00%"
"900086917","2019062703355093127217229","425","2019-06-27","1700.0000","25.00%"
"900090739","2019062708161226245468981","360","2019-06-27","1200.0000","30.00%"
"900072415","2019062706331440231947004","360","2019-06-27","1200.0000","30.00%"
"900084266","2019062706260002016711951","425","2019-06-27","1700.0000","25.00%"
"900081368","2019062707504446896005339","425","2019-06-27","1700.0000","25.00%"
"900085561","2019062708040425251122663","425","2019-06-27","1700.0000","25.00%"
"900079417","2019062708472536424699576","425","2019-06-27","1700.0000","25.00%"
"900085118","2019062708482867889194438","425","2019-06-27","1700.0000","25.00%"
"900076205","2019062709081933058081107","425","2019-06-27","1700.0000","25.00%"
"900079282","2019062709075774730565597","425","2019-06-27","1700.0000","25.00%"
"900084617","2019062709052815807161939","400","2019-06-27","1600.0000","25.00%"
"900078064","2019062709304261213179545","425","2019-06-27","1700.0000","25.00%"
"900077411","2019062709382189012500580","450","2019-06-27","1800.0000","25.00%"
"900075454","2019062710243440941302906","360","2019-06-27","1200.0000","30.00%"
"900091536","2019062710590120080807409","500","2019-06-27","2000.0000","25.00%"
"900084053","2019062711334864258400404","425","2019-06-27","1700.0000","25.00%"
"900082917","2019062711454827419143162","425","2019-06-27","1700.0000","25.00%"
"900082133","2019062713005911049856558","425","2019-06-27","1700.0000","25.00%"
"900080275","2019062712495486362305824","425","2019-06-27","1700.0000","25.00%"
"900085779","2019062712000959485797851","425","2019-06-27","1700.0000","25.00%"
"900083614","2019062712185188135392600","425","2019-06-27","1700.0000","25.00%"
"900074239","2019062712350105636214381","525","2019-06-27","2100.0000","25.00%"
"900087055","2019062712593832868363636","425","2019-06-27","1700.0000","25.00%"
"900074917","2019062713372376370317058","400","2019-06-27","1600.0000","25.00%"
"900090984","2019062714260215035016379","448","2019-06-27","1600.0000","28.00%"
"900087808","2019062713364987413226313","500","2019-06-27","2000.0000","25.00%"
"900091760","2019062713040409231780652","448","2019-06-27","1600.0000","28.00%"
"900078777","2019062714072580700833047","425","2019-06-27","1700.0000","25.00%"
"900072848","2019062714525266118282804","425","2019-06-27","1700.0000","25.00%"
"900076900","2019062714474336826280358","425","2019-06-27","1700.0000","25.00%"
"900077790","2019062715253210766650483","425","2019-06-27","1700.0000","25.00%"
"900085256","2019062715240462830125322","425","2019-06-27","1700.0000","25.00%"
"900071304","2019062716462451580770130","450","2019-06-27","1800.0000","25.00%"
"900085185","2019062717030859890650886","425","2019-06-27","1700.0000","25.00%"
"900087136","2019062717041156477553852","425","2019-06-27","1700.0000","25.00%"
"900084001","2019062717064781226760619","425","2019-06-27","1700.0000","25.00%"
"900075801","2019062717334759952707144","450","2019-06-27","1800.0000","25.00%"
"900079034","2019062718323091923505062","425","2019-06-27","1700.0000","25.00%"
"900079865","2019062719210238653549146","425","2019-06-27","1700.0000","25.00%"
"900075780","2019062720221506642772630","425","2019-06-28","1700.0000","25.00%"
"900079455","2019062720082310104542898","425","2019-06-27","1700.0000","25.00%"
"900079023","2019062721075816837104007","425","2019-06-27","1700.0000","25.00%"
"900078745","2019062807231331263521191","400","2019-06-28","1600.0000","25.00%"
"900071675","2019062808514597081576815","450","2019-06-28","1800.0000","25.00%"
"900086169","2019062809352739130628090","400","2019-06-28","1600.0000","25.00%"
"900083161","2019062811073270720041017","500","2019-06-28","2000.0000","25.00%"
"900077742","2019062811251038381634104","476","2019-06-28","1700.0000","28.00%"
"900082733","2019062811262078403695394","476","2019-06-28","1700.0000","28.00%"
"900091591","2019062811391048924530555","500","2019-06-28","2000.0000","25.00%"
"900076197","2019062811425084446105884","476","2019-06-28","1700.0000","28.00%"
"900078086","2019062812090102111696097","476","2019-06-28","1700.0000","28.00%"
"900084261","2019062813545941897117312","476","2019-06-28","1700.0000","28.00%"
"900091995","2019062815311359921657280","360","2019-06-28","1200.0000","30.00%"
"900086068","2019062815493347404742389","360","2019-06-28","1200.0000","30.00%"
"900092043","2019062815550041246771294","448","2019-06-28","1600.0000","28.00%"
"900077615","2019062816035160174241889","476","2019-06-28","1700.0000","28.00%"
"900079165","2019062816322351698446538","476","2019-06-28","1700.0000","28.00%"
"900086680","2019062816345050030317276","476","2019-06-28","1700.0000","28.00%"
"900078784","2019062819560169601516987","476","2019-06-28","1700.0000","28.00%"
"900087172","2019062820153128126666750","476","2019-06-28","1700.0000","28.00%"
"900086956","2019062821361136983185029","476","2019-06-28","1700.0000","28.00%"
"900080125","2019062822585418232042707","476","2019-06-28","1700.0000","28.00%"
"900079795","2019062910095458886882677","476","2019-06-29","1700.0000","28.00%"
"900077299","2019062910100279350607911","483","2019-06-29","1725.0000","28.00%"
"900086523","2019062910204878476426096","500","2019-06-29","2000.0000","25.00%"
"900084295","2019062910281305715700652","476","2019-06-29","1700.0000","28.00%"
"900079791","2019062910321411696734215","476","2019-06-29","1700.0000","28.00%"
"900087098","2019062910503567469871552","476","2019-06-29","1700.0000","28.00%"
"900078900","2019062911535040454678969","476","2019-06-29","1700.0000","28.00%"
"900085851","2019062911573746362349246","476","2019-06-29","1700.0000","28.00%"
"900076948","2019062912593634497096452","504","2019-06-29","1800.0000","28.00%"
"900072113","2019062914115914973086567","476","2019-06-29","1700.0000","28.00%"
"900086773","2019062915224335101899804","476","2019-06-29","1700.0000","28.00%"
"900080482","2019062917212360630033821","476","2019-06-29","1700.0000","28.00%"
"900079758","2019062917313863623118946","448","2019-06-29","1600.0000","28.00%"
"900087386","2019062918202238487604289","476","2019-06-29","1700.0000","28.00%"
"900088324","2019062918481915956786156","476","2019-06-29","1700.0000","28.00%"
"900085380","2019062919321501497481928","476","2019-06-29","1700.0000","28.00%"
"900078915","2019062920070315452335961","476","2019-06-29","1700.0000","28.00%"
"900074391","2019062920100170909617972","476","2019-06-29","1700.0000","28.00%"
"900082023","2019062921532091561721584","476","2019-06-29","1700.0000","28.00%"
"900073665","2019063001593582382546796","504","2019-06-30","1800.0000","28.00%"
"900093021","2019063002195194221156011","360","2019-06-30","1200.0000","30.00%"
"900072286","2019063006280243442683594","511","2019-06-30","1825.0000","28.00%"
"900076803","2019063008523582315187065","476","2019-06-30","1700.0000","28.00%"
"900092648","2019063009073021584772622","448","2019-06-30","1600.0000","28.00%"
"900075916","2019063009183594413639796","476","2019-06-30","1700.0000","28.00%"
"900091871","2019063009333759126954570","360","2019-06-30","1200.0000","30.00%"
"900090506","2019063009561937481155518","448","2019-06-30","1600.0000","28.00%"
"900076834","2019063010241655062413318","476","2019-06-30","1700.0000","28.00%"
"900089813","2019063010581869765232683","360","2019-06-30","1200.0000","30.00%"
"900079613","2019063011010965011370900","476","2019-06-30","1700.0000","28.00%"
"900073958","2019063012020685214441104","476","2019-06-30","1700.0000","28.00%"
"900079694","2019063012105712237254284","476","2019-06-30","1700.0000","28.00%"
"900092791","2019063012370082916438075","360","2019-06-30","1200.0000","30.00%"
"900079773","2019063013013561528595495","476","2019-06-30","1700.0000","28.00%"
"900093206","2019063013080703579392655","448","2019-06-30","1600.0000","28.00%"
"900081595","2019063013161331488625260","476","2019-06-30","1700.0000","28.00%"
"900073517","2019063013252770042051611","504","2019-06-30","1800.0000","28.00%"
"900079623","2019063013572936529779189","504","2019-06-30","1800.0000","28.00%"
"900077368","2019063014173938408521854","504","2019-06-30","1800.0000","28.00%"
"900079726","2019063015485081728395358","504","2019-06-30","1800.0000","28.00%"
"900093279","2019063015485161091441171","448","2019-06-30","1600.0000","28.00%"
"900077553","2019063015570802731060963","476","2019-06-30","1700.0000","28.00%"
"900093301","2019063016025435711848411","360","2019-06-30","1200.0000","30.00%"
"900079797","2019063021041734948212961","476","2019-06-30","1700.0000","28.00%"
"900071272","2019063021072142334036114","546","2019-06-30","1950.0000","28.00%"
